id;street_address;complementary_info;number;main_door;flat_door;level;stair;postal_code;city;state_province
1;Secured productize;schemas;calculate program;Ghana Games magnetic;Savings Account cross-platform Colombia;virtual;e-enable feed;Wisconsin Frozen Forward;Lake Jovanburgh;Gold index
2;port neural;District;Bike parse;Car Granite stable;Outdoors;Concrete leading-edge;SCSI;Concrete sky blue;Maximilliahaven;Sports Licensed European Unit of Account 17(E.U.A.-17)
3;Refined Frozen Cheese Mali Orchestrator;analyzer;transmitting;extend Fully-configurable e-services;EXE Illinois;Incredible Fresh Keyboard;compelling Algeria;Fantastic Plastic Computer invoice;Corkerymouth;impactful infomediaries Martinique
4;deposit synthesize;Missouri fuchsia;Moldovan Leu calculating Checking Account;Movies Democratic People's Republic of Korea synthesizing;Licensed Granite Shirt Fresh;Jewelery connect TCP;West Virginia interface;teal;West Herbertshire;bandwidth CSS Nicaragua
5;synthesize copying;Tuna withdrawal Nigeria;leading-edge IB;holistic Colorado;utilisation Kiribati;Automotive;Rapid viral extensible;protocol Zambia;Heathcoteborough;approach compressing
6;next-generation Automotive;seamless Tasty connect;architect Movies;bifurcated XML Liberia;Rwanda Franc payment eyeballs;Cameroon Ameliorated;iterate sensor plug-and-play;Distributed Granite salmon;Rossshire;Intelligent Soft Salad bandwidth
7;Optimization;transitional;SCSI Investment Account Shoals;Causeway leading edge;Gorgeous;overriding input;Missouri;quantify Michigan;East Kayton;JBOD
8;Internal;Designer;bandwidth card Avon;Assistant Technician;Assistant Intelligent Concrete Soap;leverage online;turn-key bi-directional;Cotton experiences;West Bellashire;Savings Account
9;Fords;Texas;Land solution-oriented turquoise;Investment Account;digital Pennsylvania Garden;Persevering Fiji;e-business Borders;Buckinghamshire Fresh bandwidth;Port Aminafurt;dedicated Fresh
10;backing up;indexing;transmit envisioneer;SMTP PNG Architect;Team-oriented bluetooth;National payment Global;European Unit of Account 9(E.U.A.-9);Future transmit ADP;North Keenan;Refined Robust
