id;first_name;last_name;email;phone_number;creation_date;end_date;document_id;document_type
1;Adrienne;Muller;Jo_Kutch65@hotmail.com;Soap Tasty Metal Sausages Outdoors;2020-01-03T05:07:53;2020-01-03;multi-byte Jamaican Dollar North Carolina;PASSPORT
2;Karli;Schuppe;Lisa_Howe65@hotmail.com;teal analyzing yellow;2020-01-03T10:08:09;2020-01-03;Generic;IDENTITY_CARD
3;Marion;Bailey;Rashawn49@yahoo.com;Solomon Islands Dollar;2020-01-03T10:49:48;2020-01-03;HTTP system mobile;IDENTITY_CARD
4;Henri;Rohan;Rae_Marvin41@yahoo.com;incentivize;2020-01-03T00:33:22;2020-01-03;JSON Texas;NIF
5;Nestor;Ritchie;Davion_Brakus@hotmail.com;Berkshire navigating;2020-01-03T11:30:32;2020-01-03;Fantastic Small Frozen Salad bypassing;SOCIAL_SECURITY_NUMBER
6;Valentine;Kshlerin;Jeramy44@yahoo.com;methodical;2020-01-03T11:18:07;2020-01-03;ivory Data neural;IDENTITY_CARD
7;Jermain;Wiza;Zella44@gmail.com;EXE cross-media Frozen;2020-01-03T15:45:29;2020-01-03;generating SDD bypassing;IDENTITY_CARD
8;Meggie;Corkery;Jonatan98@gmail.com;exploit transition;2020-01-02T23:40:58;2020-01-03;Principal Pennsylvania dynamic;IDENTITY_CARD
9;Henry;Franecki;Ervin.Brown@hotmail.com;Tools;2020-01-03T07:56:32;2020-01-03;hack;IDENTITY_CARD
10;Kristy;Feil;Gregg.Hintz@hotmail.com;EXE;2020-01-03T13:49:25;2020-01-03;auxiliary Strategist Arizona;IDENTITY_CARD
